,mutation
,A195S
,C170A
,C170Q
,E157D
,E167A
,E180A
,E180K
,E180L
,E225A
,E225H
,E225K
,E225Q
,E225R
,E225Y
,E409A
,E409D
,E426S
,F75A
,F418A
,H104R
,H122A
,H122N
,H181A
,I94E
,I247E
,I247N
,I303N
,K344A
,L174A
,L174R
,L365M
,M224A
,M326A
,M361T
,N163A
,N163C
,N163D
,N166A
,N166C
,N223A
,N223G
,N223H
,N223R
,N223Y
,N296A
,N296C
,N357A
,N407A
,N407C
,Q22S
,Q313R
,R243A
,R243D
,R243K
,S17A
,S17E
,S19A
,S301E
,S334A
,S403A
,T18A
,T178R
,T221A
,T355A
,V55G
,W123F
,W123H
,W328A
,W328C
,W328H
,W328L
,W328R
,W402C
,W402R
,W412Y
,Y21A
,Y297A
,Y297F
